{
  "vix_last": 15.149999618530273,
  "vix_pc5": -25.662412942119083,
  "dxy_last": 97.8949966430664,
  "dxy_pc5": -0.7009128094832118,
  "ts": 1754891162.0499797
}